participant_id,video_id,recording_elegible,cam_allowed,azure_features,video_error,duration_recording,survey_duration,pre_quiz1,pre_quiz2,post_quiz1,post_quiz2,post_quiz3,post_quiz4,post_quiz5,post_quiz6,post_quiz7,post_quiz8,self_interest,self_boring,self_confusion,self_easy,demo_age,demo_gender,demo_race,demo_ethnicity,demo_marital_status,demo_education,demo_income,demo_employment,demo_industry,demo_country,demo_region,correct,correct_pre_quiz,correct_post_quiz,self_raw_anger,self_raw_contempt,self_raw_disgust,self_raw_fear,self_raw_happiness,self_raw_neutral,self_raw_sadness,self_raw_surprise,reported_emotions
5391298,13201,0,0.0,0.0,0,,767,a,d,b,b,b,a,b,b,a,c,6,2,6,1,e,a,g,c,b,e,g,g,k,US,c,5,1,4,0.0,0.0,0.0,0.0,0.0,1.0,0.0,0.0,1.0
5202198,13201,0,0.0,0.0,0,,536,a,c,b,d,b,a,b,a,d,b,3,5,5,3,b,b,c,b,a,d,a,e,G,US,b,10,2,8,0.0,0.0,0.0,0.0,0.0,1.0,0.0,0.0,1.0
415738,13201,0,0.0,0.0,0,,665,a,c,b,b,b,a,b,b,b,a,4,5,6,3,a,a,c,b,a,e,h,b,l,US,b,6,2,4,0.0,0.0,0.0,0.0,0.0,1.0,0.0,0.0,1.0
8137098,13201,0,0.0,0.0,0,,1137,d,c,b,c,b,a,d,b,d,d,6,3,2,6,a,a,c,b,a,e,a,e,k,US,b,5,1,4,0.0,0.0,0.0,1.0,0.0,0.0,0.0,0.0,1.0
3651718,13201,0,0.0,0.0,0,,318,a,c,b,b,b,a,d,a,d,b,4,4,4,4,b,a,g,c,a,e,c,e,G,--,b,8,2,6,0.0,0.0,0.0,0.0,0.0,1.0,0.0,0.0,1.0
1221298,13201,0,0.0,0.0,0,,1532,a,c,b,a,b,a,b,a,b,a,2,5,5,3,b,b,f,a,a,d,a,e,G,US,b,7,2,5,0.0,1.0,0.0,0.0,0.0,1.0,0.0,0.0,2.0
2116078,13201,0,0.0,0.0,0,,781,a,a,c,c,b,a,d,c,d,b,6,2,6,1,a,a,d,a,a,d,b,e,h,US,e,5,1,4,0.0,0.0,0.0,0.0,1.0,0.0,0.0,1.0,2.0
6089918,13201,0,0.0,0.0,0,,916,a,a,b,b,b,a,b,a,d,b,6,2,3,3,b,a,c,b,b,d,g,e,G,US,b,8,1,7,0.0,0.0,0.0,0.0,0.0,1.0,0.0,0.0,1.0
4043618,13201,0,0.0,0.0,0,,522,a,c,b,b,b,b,b,a,d,b,2,7,4,2,b,a,c,b,a,d,h,b,h,US,b,8,2,6,0.0,0.0,1.0,0.0,0.0,0.0,0.0,0.0,1.0
5551218,13201,0,0.0,0.0,0,,475,a,c,b,b,b,a,d,a,d,a,7,1,1,7,a,b,c,b,a,e,g,e,a,US,a,7,2,5,0.0,0.0,0.0,0.0,0.0,1.0,0.0,0.0,1.0
7962718,13201,0,0.0,0.0,0,,6048,a,c,b,d,b,a,b,a,a,a,7,1,1,7,b,a,c,b,a,d,d,a,h,IN,f,8,2,6,0.0,0.0,0.0,0.0,1.0,0.0,0.0,1.0,2.0
2327938,13201,0,0.0,0.0,0,,489,d,b,d,c,c,d,b,c,c,b,7,7,7,7,b,a,c,b,a,e,c,a,a,IN,f,2,0,2,0.0,0.0,0.0,0.0,0.0,1.0,0.0,0.0,1.0
7774758,13201,0,0.0,0.0,0,,270,b,b,c,b,c,b,b,b,b,b,5,6,5,4,e,c,f,b,c,b,b,g,a,CA,d,2,0,2,0.0,0.0,1.0,0.0,0.0,0.0,0.0,0.0,1.0
7950082,18377,0,0.0,0.0,0,,719,a,b,b,b,b,a,c,a,b,c,4,4,3,6,b,b,c,c,a,d,g,e,r,US,b,5,1,4,0.0,0.0,0.0,0.0,0.0,1.0,0.0,0.0,1.0
2226942,18377,0,0.0,0.0,0,,961,a,a,c,b,b,a,d,b,d,b,3,5,6,2,b,a,a,b,a,d,g,g,m,US,c,5,1,4,0.0,0.0,0.0,1.0,0.0,0.0,0.0,0.0,1.0
4261322,18377,0,0.0,0.0,0,,852,a,c,b,a,a,c,d,a,d,b,5,4,2,3,b,b,g,c,a,d,a,e,n,TH,f,6,2,4,0.0,0.0,0.0,0.0,0.0,1.0,0.0,0.0,1.0
9898922,18377,0,0.0,0.0,0,,657,b,b,b,d,c,b,d,a,d,b,7,2,2,7,b,a,c,b,a,e,d,a,r,US,e,5,0,5,0.0,0.0,0.0,0.0,1.0,0.0,0.0,1.0,2.0
6451742,18377,0,0.0,0.0,0,,5493,a,c,b,c,b,d,b,a,c,c,6,2,5,3,a,a,c,b,a,b,h,b,k,--,e,6,2,4,0.0,0.0,0.0,0.0,0.0,1.0,0.0,0.0,1.0
1335142,18377,0,0.0,0.0,0,,724,a,c,b,b,b,a,b,a,b,b,7,1,1,7,b,a,c,b,a,e,g,e,n,00,b,8,2,6,0.0,0.0,0.0,0.0,0.0,1.0,0.0,0.0,1.0
1954182,18377,0,0.0,0.0,0,,436,a,c,b,b,d,a,d,b,c,d,4,5,1,6,c,d,g,c,f,d,h,e,B,CN,f,4,2,2,0.0,0.0,0.0,0.0,0.0,1.0,0.0,0.0,1.0
4738202,18377,0,0.0,0.0,0,,794,a,a,b,b,b,a,b,a,a,b,5,2,3,5,a,a,c,b,a,d,c,e,l,US,b,7,1,6,0.0,0.0,0.0,0.0,0.0,1.0,0.0,0.0,1.0
4686582,18377,0,0.0,0.0,0,,818,a,b,b,a,b,a,d,a,b,b,6,2,3,5,b,b,c,b,a,d,g,e,k,US,b,6,1,5,0.0,0.0,0.0,0.0,0.0,1.0,0.0,0.0,1.0
652322,18377,0,0.0,0.0,0,,532,b,b,b,b,b,a,a,a,a,a,7,3,3,6,c,b,a,b,b,d,d,a,f,US,a,4,0,4,0.0,0.0,0.0,0.0,0.0,1.0,0.0,0.0,1.0
58262,18377,0,0.0,0.0,0,,692,d,a,b,c,b,c,c,c,b,c,4,4,4,4,b,a,g,c,a,d,g,g,h,US,e,2,0,2,0.0,1.0,0.0,0.0,1.0,1.0,0.0,0.0,3.0
2002162,18377,0,0.0,0.0,0,,962,a,a,d,c,d,d,b,a,d,b,6,2,2,5,e,b,b,b,e,e,c,a,q,US,e,5,1,4,0.0,0.0,0.0,0.0,0.0,1.0,0.0,0.0,1.0
6550562,18377,0,0.0,0.0,0,,594,a,c,b,b,b,a,a,a,d,b,4,6,3,5,a,b,c,b,a,e,h,e,G,CN,f,8,2,6,0.0,0.0,0.0,0.0,0.0,1.0,0.0,0.0,1.0
2811222,18377,0,0.0,0.0,0,,692,a,c,b,a,b,a,b,a,d,b,6,2,2,6,a,a,c,b,a,e,a,c,n,US,a,9,2,7,0.0,0.0,0.0,0.0,0.0,1.0,0.0,0.0,1.0
7806562,18377,0,0.0,0.0,0,,640,a,c,b,b,b,b,b,a,c,b,7,1,1,7,a,a,c,b,a,d,a,c,r,US,a,7,2,5,0.0,0.0,0.0,0.0,1.0,0.0,0.0,0.0,1.0
8044482,18377,0,0.0,0.0,0,,633,a,a,a,b,b,a,d,a,c,a,4,4,6,3,a,b,c,b,a,e,a,e,a,US,b,4,1,3,0.0,0.0,0.0,0.0,0.0,1.0,1.0,0.0,2.0
8468079,20965,1,0.0,0.0,0,,767,a,c,b,b,b,a,d,d,b,a,2,6,4,4,b,b,c,b,a,d,g,a,a,TW,f,5,2,3,0.0,0.0,0.0,0.0,0.0,1.0,0.0,0.0,1.0
272159,20965,1,1.0,0.0,1,,1133,a,a,c,c,b,a,b,b,d,b,6,2,3,5,b,b,c,b,a,d,a,a,u,TW,f,6,1,5,0.0,0.0,0.0,0.0,0.0,0.0,0.0,1.0,1.0
1994999,20965,1,1.0,0.0,1,,624,a,a,b,d,b,a,d,a,c,b,2,7,6,2,a,a,c,b,a,e,d,a,g,US,e,7,1,6,0.0,1.0,0.0,0.0,0.0,1.0,0.0,0.0,2.0
8963619,20965,1,1.0,0.0,0,239.344,510,b,d,c,d,a,c,b,c,b,a,1,7,7,1,a,b,c,b,a,d,a,a,k,NG,f,2,0,2,1.0,0.0,1.0,1.0,0.0,0.0,1.0,0.0,4.0
146359,20965,1,1.0,0.0,0,171.539,520,a,a,a,d,b,b,a,b,b,b,4,5,5,3,a,a,c,c,a,e,b,a,F,GN,f,4,1,3,0.0,0.0,0.0,0.0,0.0,1.0,0.0,0.0,1.0
7136879,20965,1,1.0,1.0,0,270.169,422,a,a,b,d,b,a,b,a,c,b,4,7,7,1,b,b,c,b,a,e,c,e,j,US,b,8,1,7,0.0,0.0,0.0,1.0,0.0,1.0,0.0,1.0,3.0
3592299,20965,1,1.0,0.0,0,276.677,806,b,d,b,d,b,a,b,a,c,b,5,4,6,3,a,b,c,b,a,d,g,e,h,US,b,7,0,7,0.0,0.0,0.0,0.0,0.0,1.0,0.0,0.0,1.0
3167099,20965,1,1.0,1.0,0,238.272,864,a,a,b,a,b,a,d,b,d,c,6,3,2,6,b,b,c,b,a,d,a,e,g,US,b,5,1,4,0.0,0.0,0.0,0.0,0.0,1.0,0.0,0.0,1.0
2835499,20965,1,1.0,1.0,0,273.3,425,b,a,c,b,d,b,b,d,a,c,6,2,2,6,b,a,c,b,a,d,a,e,G,US,b,1,0,1,0.0,0.0,0.0,0.0,0.0,1.0,0.0,0.0,1.0
9745059,20965,1,1.0,0.0,1,,408,d,c,c,c,c,d,d,d,c,c,4,3,3,3,d,c,e,b,e,f,c,a,u,BR,b,1,1,0,0.0,1.0,0.0,0.0,0.0,0.0,0.0,0.0,1.0
9265031,18990,1,1.0,0.0,1,,690,a,c,b,b,b,a,b,a,a,a,7,3,2,7,a,b,c,b,a,e,b,e,j,US,b,7,2,5,0.0,0.0,0.0,0.0,0.0,0.0,0.0,1.0,1.0
527031,18990,1,1.0,1.0,0,293.471,693,a,c,b,b,b,a,b,a,d,b,4,4,3,5,b,a,c,b,a,e,g,e,G,US,b,9,2,7,0.0,0.0,0.0,0.0,0.0,1.0,0.0,0.0,1.0
4062771,18990,1,1.0,1.0,0,292.787,598,b,c,b,d,b,a,b,a,d,b,6,1,2,6,a,b,c,b,a,d,c,e,G,US,b,9,1,8,0.0,0.0,0.0,0.0,1.0,0.0,0.0,0.0,1.0
5416411,18990,1,1.0,1.0,0,293.418,566,a,c,b,d,b,a,b,a,d,b,4,6,2,4,b,b,c,b,a,e,b,e,h,US,b,10,2,8,0.0,0.0,0.0,0.0,0.0,1.0,0.0,0.0,1.0
2850511,18990,1,0.0,0.0,0,,1961,a,a,b,b,d,c,b,d,c,d,6,2,2,6,b,b,c,b,a,e,a,e,l,US,b,3,1,2,0.0,0.0,0.0,0.0,0.0,1.0,0.0,0.0,1.0
560671,18990,1,1.0,1.0,0,293.165,851,a,a,b,a,b,b,d,a,d,b,7,1,2,6,a,a,c,b,a,b,d,e,q,IN,f,6,1,5,0.0,0.0,0.0,0.0,0.0,1.0,0.0,0.0,1.0
6173231,18990,1,0.0,0.0,0,,658,a,c,b,b,b,b,b,a,d,b,3,5,2,6,b,b,f,b,b,d,g,e,p,US,b,8,2,6,0.0,0.0,0.0,0.0,0.0,1.0,0.0,0.0,1.0
989391,18990,1,1.0,0.0,1,,1067,a,a,b,b,b,a,b,a,d,b,5,2,2,6,b,a,c,b,a,e,a,e,G,US,b,8,1,7,0.0,0.0,0.0,0.0,0.0,1.0,0.0,0.0,1.0
6949280,27980,0,0.0,0.0,0,,863,a,a,b,b,b,a,b,a,d,b,6,5,2,4,e,a,c,b,b,e,f,a,B,SE,e,8,1,7,0.0,0.0,0.0,0.0,0.0,1.0,0.0,0.0,1.0
4492640,27980,0,0.0,0.0,0,,675,a,c,b,b,b,c,b,a,d,c,7,3,2,6,b,a,c,b,a,e,c,e,h,US,b,7,2,5,0.0,0.0,0.0,0.0,0.0,1.0,0.0,0.0,1.0
1445360,27980,0,0.0,0.0,0,,777,a,c,b,b,b,a,b,a,d,b,5,4,2,5,b,a,c,b,a,e,a,e,G,US,b,9,2,7,0.0,0.0,0.0,0.0,0.0,1.0,0.0,0.0,1.0
6838560,27980,0,0.0,0.0,0,,600,a,c,c,b,b,a,b,a,d,b,6,2,4,4,b,a,c,b,a,e,a,e,G,US,b,8,2,6,0.0,0.0,0.0,0.0,0.0,1.0,0.0,0.0,1.0
1019620,27980,0,0.0,0.0,0,,741,a,c,b,b,b,a,b,a,d,b,5,3,1,6,a,a,c,b,a,d,h,e,G,US,b,9,2,7,0.0,0.0,0.0,0.0,0.0,1.0,0.0,0.0,1.0
3906960,27980,0,0.0,0.0,0,,725,a,c,b,b,b,c,d,b,d,d,7,1,4,7,b,a,c,b,a,e,d,a,n,US,b,5,2,3,0.0,0.0,0.0,0.0,1.0,1.0,1.0,1.0,4.0
638920,27980,0,0.0,0.0,0,,704,a,b,b,c,b,a,b,a,b,b,7,3,3,6,a,a,c,b,f,d,g,e,h,US,b,7,1,6,0.0,0.0,0.0,0.0,1.0,1.0,0.0,0.0,2.0
8614580,27980,0,0.0,0.0,0,,445,a,a,c,b,b,a,a,c,a,a,7,1,1,7,b,a,c,b,a,e,b,e,j,US,b,3,1,2,0.0,0.0,0.0,0.0,1.0,0.0,0.0,0.0,1.0
4060800,27980,0,0.0,0.0,0,,600,a,c,b,b,b,a,d,a,d,b,4,5,2,6,a,b,c,b,a,d,g,e,l,US,b,8,2,6,0.0,0.0,0.0,0.0,0.0,1.0,0.0,0.0,1.0
1504220,27980,0,0.0,0.0,0,,531,c,d,c,b,d,c,b,d,a,d,2,2,6,5,b,d,c,c,f,e,b,e,j,US,b,1,0,1,0.0,0.0,0.0,1.0,0.0,0.0,0.0,0.0,1.0
3459480,27980,0,0.0,0.0,0,,924,d,c,b,d,b,a,b,a,d,c,6,2,1,7,a,a,c,b,a,d,h,e,j,IN,f,8,1,7,0.0,0.0,0.0,0.0,0.0,1.0,0.0,0.0,1.0
9549680,27980,0,0.0,0.0,0,,823,a,a,b,b,b,b,a,a,a,a,7,2,4,4,b,b,c,c,d,d,h,b,q,IN,f,4,1,3,0.0,0.0,0.0,0.0,0.0,1.0,0.0,0.0,1.0
7990820,27980,0,0.0,0.0,0,,740,a,a,b,b,b,d,b,a,b,a,4,4,6,3,a,a,c,b,a,a,h,e,l,US,b,5,1,4,0.0,0.0,0.0,0.0,0.0,1.0,0.0,0.0,1.0
3126140,27980,0,0.0,0.0,0,,558,a,c,b,b,b,a,b,a,d,c,6,2,2,6,a,a,c,b,a,e,f,a,h,US,b,8,2,6,0.0,0.0,0.0,0.0,1.0,0.0,0.0,0.0,1.0
6039820,27980,0,0.0,0.0,0,,872,b,a,c,a,b,d,d,c,c,a,7,1,1,7,b,a,g,c,a,d,h,a,l,IN,f,1,0,1,0.0,0.0,0.0,0.0,1.0,0.0,0.0,0.0,1.0
980600,27980,0,0.0,0.0,0,,831,a,c,a,b,b,a,b,c,c,b,3,5,2,4,b,b,c,b,a,e,a,a,F,TW,f,6,2,4,0.0,0.0,0.0,0.0,0.0,1.0,0.0,0.0,1.0
7577844,13950,0,0.0,0.0,0,,709,a,c,b,d,b,a,b,a,b,b,4,5,5,3,b,a,a,b,a,e,h,e,q,CA,f,9,2,7,0.0,0.0,0.0,0.0,0.0,1.0,0.0,0.0,1.0
696584,13950,0,0.0,0.0,0,,625,a,a,b,a,b,a,d,a,d,b,4,5,5,3,a,a,c,b,a,e,f,a,F,US,e,7,1,6,0.0,0.0,0.0,0.0,0.0,1.0,0.0,0.0,1.0
9457124,13950,0,0.0,0.0,0,,717,b,c,b,d,b,a,b,d,b,d,4,4,4,5,a,a,c,c,b,e,g,e,r,US,d,6,1,5,0.0,0.0,0.0,0.0,0.0,1.0,0.0,0.0,1.0
5698884,13950,0,0.0,0.0,0,,1657,b,b,b,c,b,d,b,a,a,b,4,4,6,3,b,a,c,c,a,b,a,h,F,ID,f,5,0,5,0.0,0.0,0.0,0.0,0.0,1.0,0.0,1.0,2.0
9046324,13950,0,0.0,0.0,0,,850,a,b,b,c,b,a,b,a,d,b,5,5,2,6,a,a,c,c,a,e,d,e,h,US,b,8,1,7,0.0,0.0,0.0,0.0,0.0,1.0,0.0,0.0,1.0
4140124,13950,0,0.0,0.0,0,,554,a,c,b,b,b,a,b,a,d,b,5,2,3,4,b,a,c,b,b,d,b,e,n,US,b,9,2,7,0.0,0.0,0.0,0.0,0.0,1.0,0.0,0.0,1.0
9669204,13950,0,0.0,0.0,0,,739,d,c,b,a,d,a,b,a,d,b,4,7,6,2,b,b,b,b,a,e,d,a,j,GB,f,7,1,6,0.0,0.0,0.0,0.0,0.0,1.0,0.0,0.0,1.0
3419924,13950,0,0.0,0.0,0,,717,b,a,d,b,a,d,a,a,c,d,4,3,5,4,a,b,b,b,a,a,h,e,x,NG,f,1,0,1,0.0,0.0,0.0,0.0,0.0,1.0,0.0,0.0,1.0
6288244,13950,0,0.0,0.0,0,,538,b,a,b,a,d,b,d,b,c,c,2,7,6,2,b,d,g,c,f,e,a,e,k,US,b,1,0,1,0.0,0.0,0.0,0.0,0.0,0.0,1.0,0.0,1.0
9062664,13950,0,0.0,0.0,0,,1064,a,c,b,b,b,a,b,b,c,b,6,2,2,6,d,a,a,c,a,e,d,e,q,US,b,7,2,5,0.0,0.0,0.0,0.0,0.0,1.0,0.0,0.0,1.0
3736984,13950,0,0.0,0.0,0,,556,a,c,b,d,b,a,d,a,c,b,4,3,2,6,a,b,c,b,a,e,b,e,G,US,b,8,2,6,0.0,0.0,0.0,0.0,0.0,1.0,0.0,0.0,1.0
4860684,13950,0,0.0,0.0,0,,807,a,c,b,b,b,a,a,a,d,b,6,2,2,5,b,b,c,b,a,e,g,e,k,US,b,8,2,6,0.0,0.0,0.0,0.0,0.0,1.0,0.0,0.0,1.0
5549004,13950,0,0.0,0.0,0,,544,a,c,b,c,b,c,d,b,d,b,2,6,6,1,b,b,c,b,a,e,a,e,G,US,b,6,2,4,0.0,0.0,0.0,0.0,0.0,0.0,0.0,1.0,1.0
6415564,13950,0,0.0,0.0,0,,627,b,b,b,c,b,a,c,d,a,c,4,4,4,4,b,a,c,b,a,e,h,e,G,US,b,3,0,3,0.0,0.0,0.0,0.0,0.0,1.0,0.0,0.0,1.0
5182304,13950,0,0.0,0.0,0,,1708,a,a,b,b,b,b,b,b,d,a,4,4,4,4,a,b,c,b,a,d,g,e,h,US,b,5,1,4,0.0,0.0,0.0,0.0,0.0,1.0,0.0,0.0,1.0
2252376,19603,0,0.0,0.0,0,,793,a,c,b,b,b,a,b,a,d,a,5,4,3,5,a,b,c,b,a,e,h,e,G,US,b,8,2,6,0.0,0.0,0.0,0.0,0.0,1.0,0.0,1.0,2.0
1323076,19603,0,0.0,0.0,0,,531,a,c,b,b,b,b,a,b,a,b,2,3,3,3,a,a,c,b,a,d,c,c,j,US,b,5,2,3,0.0,1.0,1.0,0.0,1.0,0.0,0.0,0.0,3.0
3145356,19603,0,0.0,0.0,0,,867,a,c,b,b,b,a,d,a,d,b,6,2,2,6,b,a,c,b,a,e,a,e,y,TH,f,8,2,6,0.0,0.0,0.0,0.0,0.0,1.0,0.0,0.0,1.0
2314336,19603,0,0.0,0.0,0,,867,d,c,b,a,b,a,b,a,d,b,7,1,1,5,b,a,c,b,a,d,a,c,h,US,b,8,1,7,0.0,0.0,0.0,0.0,1.0,0.0,0.0,1.0,2.0
3305696,19603,0,0.0,0.0,0,,929,a,a,b,b,b,c,d,a,a,b,6,2,3,5,b,a,c,b,a,e,b,e,y,US,b,5,1,4,0.0,0.0,0.0,0.0,0.0,1.0,0.0,0.0,1.0
37696,19603,0,0.0,0.0,0,,2690,a,c,b,d,b,a,b,a,b,b,7,2,2,6,a,b,c,b,a,e,e,e,n,US,b,9,2,7,0.0,0.0,0.0,0.0,0.0,1.0,0.0,0.0,1.0
8997796,19603,0,0.0,0.0,0,,534,a,c,b,c,b,a,d,a,d,b,7,1,1,7,b,b,c,b,a,d,a,e,r,US,b,8,2,6,0.0,0.0,0.0,0.0,0.0,1.0,0.0,0.0,1.0
8838056,19603,0,0.0,0.0,0,,621,a,c,b,d,b,a,c,a,d,b,7,1,1,7,b,a,c,b,a,e,g,e,j,00,b,9,2,7,0.0,0.0,0.0,0.0,0.0,1.0,0.0,0.0,1.0
1345216,19603,0,0.0,0.0,0,,1341,a,c,b,c,b,a,d,b,b,b,6,1,4,6,a,a,c,b,a,d,a,e,l,US,b,6,2,4,0.0,1.0,0.0,0.0,0.0,1.0,0.0,1.0,3.0
2365930,22804,0,0.0,0.0,0,,842,a,a,c,b,d,a,b,a,d,a,1,7,5,1,b,a,c,b,a,d,h,a,E,TH,f,5,1,4,0.0,0.0,0.0,0.0,0.0,1.0,1.0,0.0,2.0
8757990,22804,0,0.0,0.0,0,,1062,a,c,b,d,b,a,d,a,b,a,6,4,2,6,b,b,c,b,a,e,a,e,k,US,b,7,2,5,0.0,0.0,0.0,0.0,0.0,1.0,0.0,0.0,1.0
6326950,22804,0,0.0,0.0,0,,627,a,a,a,a,a,a,a,a,a,a,7,1,1,7,b,a,c,b,a,e,a,e,h,US,b,3,1,2,0.0,0.0,0.0,0.0,0.0,1.0,0.0,0.0,1.0
3154150,22804,0,0.0,0.0,0,,437,a,b,b,b,b,b,b,b,b,b,6,2,2,6,a,b,c,b,a,d,g,e,j,US,b,5,1,4,0.0,0.0,0.0,0.0,0.0,1.0,0.0,0.0,1.0
8772530,22804,0,0.0,0.0,0,,2197,a,a,b,d,b,a,a,a,d,a,6,2,4,4,a,a,c,b,a,d,g,e,h,US,a,7,1,6,0.0,0.0,0.0,0.0,0.0,1.0,0.0,0.0,1.0
2409510,22804,0,0.0,0.0,0,,2203,a,c,b,b,b,a,b,a,c,b,3,3,2,5,b,b,c,b,a,d,a,e,G,US,b,8,2,6,0.0,0.0,1.0,0.0,0.0,0.0,0.0,0.0,1.0
1228830,22804,0,0.0,0.0,0,,996,a,c,b,b,b,a,b,a,d,b,6,3,5,6,b,a,c,b,a,d,a,e,l,US,b,9,2,7,0.0,0.0,0.0,0.0,0.0,1.0,0.0,0.0,1.0
9355890,22804,0,0.0,0.0,0,,733,a,a,b,d,b,a,d,a,a,d,5,5,5,5,b,a,c,b,a,e,b,e,l,US,e,6,1,5,0.0,0.0,0.0,0.0,1.0,0.0,0.0,0.0,1.0
4222730,22804,0,0.0,0.0,0,,905,a,c,b,b,b,a,a,b,d,b,5,4,4,3,b,b,c,b,a,e,d,a,t,--,e,7,2,5,0.0,0.0,0.0,0.0,0.0,1.0,0.0,0.0,1.0
743770,22804,0,0.0,0.0,0,,491,b,c,b,d,a,c,c,b,d,b,3,6,7,7,b,d,g,b,b,e,c,c,h,US,c,5,1,4,0.0,0.0,0.0,0.0,0.0,0.0,0.0,1.0,1.0
1995910,22804,0,0.0,0.0,0,,574,b,b,b,b,b,a,c,c,c,c,4,4,4,4,a,d,g,c,a,e,g,e,a,US,b,3,0,3,0.0,0.0,0.0,0.0,1.0,0.0,0.0,0.0,1.0
923230,22804,0,0.0,0.0,0,,56994,b,d,b,d,b,a,d,a,b,c,5,3,4,4,a,b,c,b,a,e,a,a,n,CN,f,5,0,5,0.0,0.0,0.0,0.0,0.0,1.0,0.0,0.0,1.0
3786510,22804,0,0.0,0.0,0,,527,a,a,c,a,b,b,b,b,a,b,7,1,1,7,b,b,c,c,a,d,h,a,h,NL,f,4,1,3,0.0,0.0,0.0,0.0,0.0,1.0,0.0,0.0,1.0
1411967,12588,1,1.0,0.0,1,,954,a,a,b,a,b,a,b,c,b,c,6,1,2,6,a,b,c,c,a,d,h,c,s,CN,b,5,1,4,0.0,0.0,0.0,0.0,0.0,1.0,0.0,0.0,1.0
611187,12588,1,0.0,0.0,0,,615,a,b,b,b,b,a,d,a,d,b,5,3,5,3,b,a,c,b,a,d,c,e,G,US,b,7,1,6,0.0,0.0,0.0,0.0,0.0,1.0,0.0,0.0,1.0
1243887,12588,1,1.0,0.0,0,3.797,621,b,c,b,d,b,d,c,a,d,c,4,4,2,6,b,a,c,b,a,d,a,e,G,TW,b,6,1,5,0.0,0.0,0.0,0.0,1.0,1.0,0.0,1.0,3.0
2671527,12588,1,0.0,0.0,0,,3376,a,a,b,b,b,a,c,d,d,b,6,2,2,6,b,a,c,b,a,e,b,b,s,US,b,6,1,5,0.0,0.0,0.0,0.0,0.0,1.0,0.0,0.0,1.0
5918787,12588,1,1.0,0.0,1,,662,a,c,c,b,b,a,d,a,a,b,6,3,2,7,a,a,c,b,a,b,a,e,f,QA,f,6,2,4,0.0,0.0,0.0,0.0,0.0,1.0,0.0,0.0,1.0
6366247,12588,1,0.0,0.0,0,,1288,b,c,c,c,d,d,d,a,a,b,7,1,1,5,b,a,c,b,a,d,b,a,q,TW,f,3,1,2,0.0,0.0,0.0,0.0,0.0,1.0,0.0,0.0,1.0
3561187,12588,1,1.0,0.0,0,285.73,636,d,d,b,b,b,d,a,a,d,b,3,5,4,4,d,d,a,b,f,e,d,a,k,US,b,5,0,5,0.0,0.0,0.0,0.0,0.0,1.0,0.0,0.0,1.0
2268427,12588,1,1.0,1.0,0,285.909,403,b,c,c,c,c,c,c,c,c,c,4,4,4,4,a,a,c,c,a,d,d,e,a,US,b,1,1,0,0.0,0.0,0.0,0.0,0.0,1.0,0.0,0.0,1.0
7188007,12588,1,1.0,1.0,0,286.479,808,a,a,b,b,b,a,d,d,d,d,6,3,5,5,a,a,c,b,a,d,c,e,l,US,b,5,1,4,0.0,0.0,0.0,0.0,0.0,1.0,0.0,0.0,1.0
9532547,12588,1,0.0,0.0,0,,837,a,d,b,c,b,a,b,a,c,a,3,3,2,6,d,a,b,b,e,d,e,a,s,US,b,6,1,5,0.0,0.0,0.0,0.0,1.0,0.0,0.0,1.0,2.0
1118867,12588,1,1.0,1.0,0,288.408,1161,d,d,b,d,b,c,d,a,d,c,5,3,4,3,b,d,g,c,b,e,g,a,n,US,b,5,0,5,0.0,0.0,0.0,0.0,0.0,1.0,0.0,0.0,1.0
4609667,12588,1,1.0,0.0,1,,710,a,c,b,b,c,a,b,d,d,c,2,6,5,4,a,b,a,a,a,d,a,b,k,ES,f,6,2,4,0.0,0.0,0.0,0.0,0.0,1.0,0.0,1.0,2.0
9038987,12588,1,1.0,1.0,0,224.745,521,a,c,b,b,b,b,b,c,d,b,6,4,7,6,a,b,c,b,a,e,g,e,G,US,e,7,2,5,0.0,0.0,0.0,0.0,0.0,1.0,0.0,0.0,1.0
2957674,29206,0,0.0,0.0,0,,596,a,c,b,b,b,a,d,a,b,b,4,5,5,6,a,a,c,b,a,e,d,e,l,US,b,7,2,5,0.0,0.0,0.0,0.0,0.0,1.0,0.0,0.0,1.0
8948294,29206,0,0.0,0.0,0,,143,b,c,b,c,b,c,b,c,b,b,7,7,7,7,a,b,c,b,a,e,a,e,j,US,b,5,1,4,0.0,0.0,0.0,0.0,0.0,0.0,0.0,1.0,1.0
8131934,29206,0,0.0,0.0,0,,872,a,c,b,a,b,a,b,a,b,b,6,4,2,5,a,b,c,b,a,d,b,e,G,US,b,8,2,6,0.0,0.0,0.0,0.0,0.0,1.0,0.0,1.0,2.0
8569654,29206,0,0.0,0.0,0,,1037,a,c,b,b,b,a,d,a,d,b,4,5,4,5,a,b,c,b,a,d,h,e,F,US,b,8,2,6,0.0,0.0,0.0,0.0,0.0,1.0,0.0,0.0,1.0
8669814,29206,0,0.0,0.0,0,,558,b,c,b,b,b,d,b,a,d,a,5,3,4,4,a,d,g,c,f,e,g,e,G,US,e,6,1,5,0.0,0.0,0.0,0.0,0.0,1.0,0.0,0.0,1.0
6067114,29206,0,0.0,0.0,0,,427,c,d,c,d,b,a,b,c,b,d,7,2,2,4,b,b,c,b,a,e,c,e,f,US,b,4,0,4,0.0,0.0,0.0,0.0,0.0,0.0,0.0,1.0,1.0
305194,29206,0,0.0,0.0,0,,501,c,c,c,a,b,c,d,b,d,b,3,5,3,5,b,a,g,b,a,e,c,h,u,US,d,4,1,3,0.0,0.0,0.0,0.0,0.0,1.0,0.0,0.0,1.0
9700914,29206,0,0.0,0.0,0,,709,a,c,c,a,a,c,d,c,b,c,6,4,2,6,a,b,c,b,a,d,c,a,n,IN,b,2,2,0,0.0,0.0,0.0,0.0,0.0,1.0,0.0,0.0,1.0
7546434,29206,0,0.0,0.0,0,,491,b,a,c,c,b,b,b,c,b,c,3,5,3,4,a,a,c,b,a,e,h,e,c,GB,f,2,0,2,0.0,0.0,0.0,0.0,0.0,1.0,0.0,0.0,1.0
7727814,29206,0,0.0,0.0,0,,631,b,b,b,d,b,a,b,b,d,d,1,1,1,3,a,a,c,b,a,e,a,c,k,CN,b,6,0,6,1.0,0.0,1.0,0.0,0.0,0.0,1.0,0.0,3.0
1615234,29206,0,0.0,0.0,0,,788,d,a,a,c,b,a,a,a,d,c,6,2,5,5,a,b,c,b,a,a,h,e,q,IN,f,4,0,4,0.0,0.0,0.0,0.0,0.0,1.0,0.0,0.0,1.0
6346054,29206,0,0.0,0.0,0,,374,b,b,a,a,b,a,b,a,c,c,4,4,4,4,b,a,c,b,a,e,a,e,A,US,d,4,0,4,1.0,1.0,1.0,0.0,0.0,0.0,0.0,0.0,3.0
9248554,29206,0,0.0,0.0,0,,587,a,c,b,d,b,a,b,a,d,b,1,7,1,7,b,a,c,b,a,d,a,e,x,IN,f,10,2,8,0.0,0.0,0.0,0.0,0.0,1.0,0.0,0.0,1.0
1071854,29206,0,0.0,0.0,0,,721,a,c,b,b,b,a,d,a,d,b,5,3,5,3,b,a,c,b,a,e,a,e,G,US,b,8,2,6,0.0,0.0,0.0,0.0,0.0,1.0,0.0,0.0,1.0
9646754,29206,0,0.0,0.0,0,,795,a,c,b,b,b,b,b,a,b,b,5,3,3,6,b,b,c,b,a,e,g,e,h,CN,e,7,2,5,0.0,0.0,0.0,0.0,0.0,1.0,0.0,0.0,1.0
247074,29206,0,0.0,0.0,0,,891,a,c,b,b,b,b,b,a,d,b,6,3,2,6,a,b,c,b,a,e,g,e,G,US,b,8,2,6,0.0,0.0,0.0,0.0,0.0,1.0,0.0,0.0,1.0
5360361,16402,1,1.0,1.0,0,293.14,769,b,a,b,a,b,a,d,a,d,d,6,1,2,6,b,b,c,b,a,e,b,e,h,US,b,5,0,5,0.0,0.0,0.0,0.0,0.0,1.0,0.0,0.0,1.0
4238261,16402,1,1.0,1.0,0,293.074,797,a,c,b,b,b,c,d,a,d,b,5,5,4,4,b,b,c,b,a,d,h,e,u,TH,f,7,2,5,0.0,0.0,0.0,0.0,0.0,1.0,0.0,0.0,1.0
2277381,16402,1,1.0,0.0,1,,930,d,a,c,a,b,b,d,c,a,a,3,3,4,3,b,b,c,b,a,e,b,e,l,00,b,1,0,1,0.0,0.0,0.0,0.0,0.0,1.0,0.0,0.0,1.0
3692861,16402,1,1.0,1.0,0,293.028,787,a,c,b,c,b,a,b,a,d,a,5,5,5,2,b,a,c,b,a,e,g,e,h,US,b,8,2,6,0.0,0.0,0.0,0.0,0.0,0.0,0.0,1.0,1.0
7363641,16402,1,1.0,1.0,0,293.265,830,a,c,b,b,b,a,b,a,d,b,3,5,4,3,a,a,c,b,a,d,h,e,h,US,b,9,2,7,0.0,0.0,0.0,0.0,0.0,1.0,0.0,0.0,1.0
8291761,16402,1,1.0,1.0,0,293.799,920,c,a,d,a,d,c,b,a,b,a,5,5,4,3,d,b,g,c,b,e,h,a,p,IN,f,2,0,2,0.0,0.0,0.0,0.0,0.0,1.0,0.0,0.0,1.0
1419401,16402,1,1.0,1.0,0,301.922,666,a,c,b,d,b,a,b,a,a,c,3,5,4,5,b,a,c,c,a,e,a,e,l,00,c,8,2,6,0.0,0.0,0.0,0.0,0.0,0.0,0.0,1.0,1.0
7726721,16402,1,1.0,0.0,0,293.151,768,a,c,b,d,b,a,b,a,d,b,6,3,2,6,a,b,c,b,a,d,h,e,G,US,b,10,2,8,0.0,0.0,0.0,0.0,0.0,1.0,0.0,0.0,1.0
121841,16402,1,1.0,0.0,1,,421,a,a,b,b,b,b,b,b,b,b,7,7,7,7,a,a,c,c,a,e,h,a,a,IN,f,5,1,4,0.0,0.0,0.0,0.0,0.0,1.0,0.0,0.0,1.0
5150781,16402,1,1.0,0.0,0,294.157,558,b,a,b,b,b,a,b,a,c,b,7,2,1,7,a,a,c,b,a,e,h,e,G,US,b,6,0,6,0.0,0.0,0.0,0.0,1.0,0.0,0.0,0.0,1.0
5459201,16402,1,1.0,1.0,0,83.665,643,a,c,b,b,b,a,a,a,c,c,1,3,3,6,a,b,c,b,a,b,h,e,n,GB,f,6,2,4,0.0,0.0,0.0,0.0,0.0,1.0,0.0,0.0,1.0
984441,16402,1,1.0,1.0,0,295.574,1571,a,c,b,b,c,c,d,a,a,c,2,4,7,1,c,a,a,b,b,d,g,a,n,US,b,4,2,2,0.0,0.0,0.0,0.0,0.0,1.0,0.0,0.0,1.0
8431393,10749,1,1.0,1.0,0,220.28,669,a,b,b,b,b,a,b,a,d,b,6,2,2,6,a,b,c,c,a,d,c,a,g,PK,f,8,1,7,0.0,0.0,0.0,0.0,0.0,1.0,0.0,0.0,1.0
4719073,10749,1,1.0,1.0,0,302.871,833,b,c,b,d,b,d,b,a,d,b,5,2,6,2,e,b,a,b,b,d,g,g,u,US,c,8,1,7,0.0,0.0,0.0,0.0,0.0,1.0,0.0,0.0,1.0
2943213,10749,1,1.0,1.0,0,177.526,559,b,a,a,a,a,a,a,a,a,a,1,1,1,1,b,a,c,b,a,d,a,a,k,CN,f,2,0,2,0.0,0.0,0.0,0.0,0.0,1.0,0.0,0.0,1.0
9587853,10749,1,1.0,1.0,0,161.432,1544,a,a,b,c,b,b,b,a,d,b,6,3,2,6,a,b,c,b,a,e,a,e,a,CN,f,7,1,6,0.0,0.0,0.0,0.0,0.0,1.0,0.0,0.0,1.0
5301073,10749,1,1.0,0.0,1,,588,a,a,b,b,b,a,b,b,d,b,7,1,1,7,a,a,c,b,a,d,a,e,G,US,b,7,1,6,0.0,0.0,0.0,0.0,1.0,0.0,0.0,0.0,1.0
7489313,10749,1,1.0,1.0,0,304.715,1070,a,c,d,c,b,b,b,a,d,a,6,2,5,3,b,b,c,b,a,d,a,e,F,US,a,6,2,4,0.0,0.0,0.0,0.0,0.0,1.0,0.0,0.0,1.0
6289173,10749,1,1.0,1.0,0,302.283,772,a,c,b,b,b,a,b,a,d,b,6,4,4,4,b,a,g,c,a,e,g,e,k,US,b,9,2,7,0.0,0.0,0.0,0.0,0.0,1.0,0.0,0.0,1.0
2101213,10749,1,1.0,1.0,0,8.104,844,a,c,b,d,b,a,a,a,d,c,3,4,4,5,a,a,c,b,a,e,c,e,r,CN,b,8,2,6,0.0,0.0,0.0,1.0,0.0,1.0,0.0,0.0,2.0
8361693,10749,1,1.0,1.0,0,302.35,671,a,c,b,a,b,a,d,a,b,b,6,3,6,6,c,b,a,b,b,e,e,a,u,US,b,7,2,5,0.0,0.0,0.0,0.0,0.0,1.0,0.0,0.0,1.0
6493293,10749,1,1.0,1.0,0,300.399,831,a,a,b,c,b,d,b,a,d,d,3,6,6,2,a,b,c,b,a,a,a,e,l,IN,f,6,1,5,0.0,0.0,0.0,0.0,0.0,1.0,0.0,0.0,1.0
2753073,10749,1,1.0,1.0,0,302.324,1333,c,d,b,d,b,c,d,c,c,a,5,4,6,2,a,a,c,b,a,d,h,e,l,US,b,3,0,3,0.0,0.0,0.0,0.0,0.0,1.0,0.0,1.0,2.0
515293,10749,1,1.0,1.0,0,303.041,1231,b,b,b,c,c,b,c,b,a,a,6,4,6,3,a,a,c,b,a,e,h,e,l,IN,f,1,0,1,0.0,0.0,0.0,0.0,0.0,1.0,0.0,0.0,1.0
3425653,10749,1,1.0,1.0,0,303.255,1372,a,a,b,d,b,a,b,a,d,a,5,3,6,3,e,a,a,b,b,d,d,f,h,US,d,8,1,7,0.0,0.0,0.0,0.0,0.0,0.0,0.0,1.0,1.0
3922653,10749,1,0.0,0.0,0,,674,b,a,b,b,b,a,b,a,c,c,6,2,4,4,a,b,c,b,a,e,a,e,G,US,b,5,0,5,0.0,0.0,0.0,0.0,1.0,0.0,0.0,0.0,1.0
5747873,10749,1,1.0,0.0,0,298.358,617,a,c,b,b,b,b,d,a,d,b,6,2,2,6,b,a,c,b,a,d,a,e,j,US,b,7,2,5,0.0,0.0,0.0,0.0,0.0,1.0,0.0,0.0,1.0
8269033,10749,1,1.0,0.0,1,,795,a,a,b,c,b,c,a,a,b,d,6,3,2,6,b,b,c,b,a,e,h,a,F,CN,f,4,1,3,0.0,0.0,0.0,0.0,0.0,1.0,0.0,0.0,1.0
8538795,28593,1,1.0,1.0,0,284.073,911,a,c,b,d,b,a,b,a,d,b,7,4,3,4,a,a,c,b,a,e,c,b,h,US,b,10,2,8,0.0,0.0,0.0,0.0,1.0,1.0,0.0,0.0,2.0
8560015,28593,1,0.0,0.0,0,,711,a,a,b,d,b,a,b,a,d,b,5,1,2,5,b,a,c,c,a,d,h,a,j,SY,f,9,1,8,0.0,0.0,0.0,0.0,0.0,1.0,0.0,0.0,1.0
5719515,28593,1,1.0,1.0,0,283.81,624,d,b,b,b,a,b,a,b,b,c,5,3,6,4,e,c,b,a,b,a,c,g,a,AZ,d,1,0,1,0.0,0.0,1.0,0.0,0.0,0.0,0.0,0.0,1.0
1631275,28593,1,1.0,1.0,0,285.856,730,a,c,b,b,b,a,d,a,d,b,5,2,2,6,b,a,c,b,a,d,g,c,h,US,b,8,2,6,0.0,0.0,0.0,0.0,0.0,1.0,0.0,0.0,1.0
4003795,28593,1,1.0,0.0,1,,844,a,a,b,a,b,a,d,a,d,a,7,1,1,7,b,a,c,b,a,d,h,e,n,US,b,6,1,5,0.0,0.0,0.0,0.0,1.0,0.0,0.0,1.0,2.0
2049275,28593,1,1.0,1.0,0,235.024,783,a,c,b,d,b,a,b,a,a,b,6,5,4,6,a,b,c,b,f,e,d,e,h,US,b,9,2,7,0.0,0.0,0.0,0.0,0.0,1.0,0.0,0.0,1.0
4187075,28593,1,0.0,0.0,0,,520,b,b,b,a,b,c,a,c,a,c,4,4,4,4,a,d,g,c,f,e,g,a,h,IN,e,2,0,2,0.0,0.0,0.0,0.0,1.0,0.0,0.0,0.0,1.0
9077435,28593,1,1.0,1.0,0,285.53,1209,c,c,c,d,b,a,d,c,a,d,4,5,6,3,a,b,c,b,a,d,h,e,l,US,b,4,1,3,0.0,0.0,0.0,0.0,0.0,1.0,0.0,0.0,1.0
4798675,28593,1,1.0,1.0,0,320.669,885,a,c,b,d,b,a,b,d,d,b,4,4,2,6,a,a,c,b,a,d,d,e,F,US,b,9,2,7,0.0,0.0,0.0,0.0,0.0,1.0,0.0,0.0,1.0
5708275,28593,1,0.0,0.0,0,,2435,a,a,b,d,b,a,b,a,b,c,6,2,3,3,a,d,c,b,a,d,b,e,G,CN,f,7,1,6,0.0,0.0,0.0,0.0,0.0,1.0,0.0,0.0,1.0
5799935,28593,1,1.0,0.0,1,,1048,b,b,b,b,b,a,a,a,d,d,2,7,6,1,e,a,a,b,b,e,f,a,u,US,b,5,0,5,0.0,0.0,0.0,0.0,0.0,1.0,0.0,0.0,1.0
4206435,28593,1,1.0,1.0,0,297.176,749,a,c,b,b,b,a,b,a,d,b,3,5,2,6,b,b,c,b,a,d,a,e,k,US,b,9,2,7,0.0,0.0,0.0,0.0,0.0,1.0,0.0,0.0,1.0
3227215,28593,1,0.0,0.0,0,,942,a,c,b,b,b,a,b,b,d,b,2,6,2,5,b,a,a,b,b,e,b,b,p,US,a,8,2,6,0.0,0.0,0.0,0.0,0.0,1.0,0.0,0.0,1.0
7959268,11975,0,0.0,0.0,0,,676,c,a,b,b,b,c,b,d,d,b,5,4,3,5,b,b,c,b,a,e,h,c,A,US,b,5,0,5,0.0,0.0,0.0,0.0,0.0,1.0,0.0,0.0,1.0
5120548,11975,0,0.0,0.0,0,,750,d,b,b,a,b,a,d,c,d,a,6,2,2,7,b,a,c,b,a,e,a,e,h,US,d,4,0,4,0.0,0.0,0.0,0.0,0.0,1.0,0.0,0.0,1.0
6960428,11975,0,0.0,0.0,0,,1378,a,c,b,c,b,a,d,a,d,b,6,2,3,4,b,a,c,b,a,e,h,c,l,TW,f,8,2,6,0.0,0.0,0.0,0.0,1.0,0.0,0.0,0.0,1.0
6769688,11975,0,0.0,0.0,0,,1010,a,d,b,b,b,a,d,a,d,b,4,5,5,5,b,a,c,b,a,d,h,a,B,--,f,7,1,6,0.0,0.0,0.0,0.0,0.0,1.0,0.0,0.0,1.0
4696008,11975,0,0.0,0.0,0,,785,a,c,b,b,b,a,b,b,d,b,4,5,4,5,a,b,c,c,f,e,c,e,j,US,b,8,2,6,0.0,0.0,0.0,0.0,0.0,1.0,0.0,0.0,1.0
4791728,11975,0,0.0,0.0,0,,674,a,a,b,c,b,a,b,a,d,c,3,5,6,2,b,b,a,b,a,d,g,e,a,US,c,7,1,6,0.0,0.0,0.0,0.0,0.0,1.0,0.0,0.0,1.0
304928,11975,0,0.0,0.0,0,,2190,a,c,b,d,b,a,b,a,d,b,4,5,2,6,b,b,c,b,a,d,d,a,j,US,a,10,2,8,0.0,0.0,0.0,0.0,0.0,1.0,0.0,0.0,1.0
5294108,11975,0,0.0,0.0,0,,756,c,a,b,b,d,a,b,b,c,c,4,5,4,4,b,a,c,c,a,e,a,a,F,IN,f,3,0,3,0.0,0.0,0.0,0.0,0.0,1.0,0.0,0.0,1.0
9346248,11975,0,0.0,0.0,0,,942,d,a,a,d,d,d,c,a,d,a,6,2,5,3,e,a,c,c,b,e,h,a,j,IN,f,3,0,3,0.0,0.0,0.0,0.0,0.0,1.0,0.0,0.0,1.0
6619628,11975,0,0.0,0.0,0,,577,b,c,c,b,b,a,b,a,c,b,4,4,4,4,b,b,c,b,a,e,b,e,n,US,b,6,1,5,0.0,0.0,0.0,0.0,0.0,1.0,0.0,0.0,1.0
9269708,11975,0,0.0,0.0,0,,500,c,a,c,d,c,c,b,b,d,d,6,2,3,4,b,b,g,c,f,e,h,d,l,DE,f,3,0,3,0.0,0.0,0.0,0.0,0.0,1.0,0.0,0.0,1.0
2347528,11975,0,0.0,0.0,0,,721,a,d,b,b,d,b,d,a,d,b,6,1,3,6,b,b,g,b,a,d,c,a,h,IN,f,5,1,4,0.0,0.0,0.0,0.0,1.0,0.0,0.0,0.0,1.0
3608148,11975,0,0.0,0.0,0,,713,a,b,b,d,b,a,b,a,d,b,4,5,2,4,a,b,c,b,a,e,g,e,k,US,b,9,1,8,0.0,0.0,0.0,0.0,0.0,1.0,0.0,0.0,1.0
6454588,11975,0,0.0,0.0,0,,606,a,a,b,b,b,b,b,a,b,a,4,4,4,4,a,b,c,b,a,d,h,e,n,US,b,5,1,4,0.0,0.0,0.0,0.0,0.0,1.0,0.0,0.0,1.0
7073128,11975,0,0.0,0.0,0,,880,b,c,b,c,b,a,b,b,c,c,1,7,7,1,b,a,f,a,a,e,g,a,q,US,b,5,1,4,0.0,0.0,0.0,0.0,0.0,1.0,0.0,0.0,1.0
7863789,17764,1,1.0,0.0,0,306.81,2319,d,d,a,c,d,b,d,b,c,d,3,4,5,4,b,b,c,b,a,d,d,b,m,TH,f,0,0,0,0.0,1.0,0.0,0.0,0.0,0.0,0.0,0.0,1.0
6220309,17764,1,1.0,1.0,0,298.991,617,a,c,b,b,b,a,b,a,d,b,3,5,2,6,b,a,c,b,a,e,g,e,G,US,b,9,2,7,0.0,0.0,0.0,0.0,0.0,1.0,0.0,0.0,1.0
2966909,17764,1,1.0,1.0,0,297.583,604,a,c,b,b,b,a,b,a,d,b,2,6,5,2,b,b,c,b,a,d,a,e,G,US,b,9,2,7,0.0,0.0,0.0,0.0,0.0,1.0,0.0,0.0,1.0
571509,17764,1,1.0,1.0,0,299.649,853,a,c,b,b,b,c,a,c,d,a,6,2,3,5,e,a,c,b,b,c,h,g,c,IN,f,5,2,3,0.0,0.0,0.0,0.0,0.0,1.0,0.0,0.0,1.0
5302349,17764,1,1.0,0.0,0,306.924,1166,d,a,b,a,b,a,d,d,b,b,5,4,3,5,a,a,c,c,a,d,b,b,k,PK,f,4,0,4,0.0,0.0,0.0,0.0,0.0,1.0,0.0,0.0,1.0
5235789,17764,1,1.0,1.0,0,299.391,1177,c,d,d,a,b,b,d,c,c,b,5,5,5,3,a,a,c,b,a,e,c,a,h,US,b,2,0,2,0.0,0.0,0.0,0.0,0.0,1.0,0.0,0.0,1.0
2810889,17764,1,1.0,1.0,0,299.648,720,a,c,b,d,b,d,d,a,d,b,1,7,4,4,b,b,c,b,a,e,h,e,F,IN,b,8,2,6,1.0,0.0,1.0,0.0,0.0,0.0,0.0,0.0,2.0
1327209,17764,1,1.0,0.0,1,,719,a,a,b,b,b,a,b,a,d,a,6,4,2,6,a,a,c,b,a,e,d,e,y,00,b,7,1,6,0.0,0.0,0.0,0.0,0.0,1.0,0.0,0.0,1.0
9279529,17764,1,1.0,0.0,1,,648,a,a,a,b,b,a,b,d,b,a,6,2,3,6,a,a,c,b,a,b,g,e,G,US,b,4,1,3,0.0,0.0,0.0,0.0,0.0,1.0,0.0,0.0,1.0
383889,17764,1,1.0,1.0,0,300.425,736,a,c,b,b,b,a,d,a,d,b,2,6,4,4,b,a,c,b,a,d,g,a,h,US,e,8,2,6,0.0,0.0,0.0,0.0,0.0,0.0,0.0,1.0,1.0
2132889,17764,1,1.0,0.0,0,149.137,1002,a,a,b,d,b,a,d,a,d,d,4,2,3,2,b,a,g,c,f,d,h,a,j,IN,f,7,1,6,0.0,0.0,0.0,0.0,0.0,1.0,0.0,0.0,1.0
8007109,17764,1,1.0,1.0,0,295.619,792,a,a,b,c,b,a,b,a,b,b,7,1,3,7,a,b,c,b,a,e,h,e,F,US,b,7,1,6,0.0,0.0,0.0,0.0,0.0,1.0,0.0,0.0,1.0
4370529,17764,1,1.0,1.0,0,299.833,653,a,c,b,b,b,a,b,a,d,b,3,6,2,5,a,c,a,b,a,d,a,b,F,US,b,9,2,7,0.0,0.0,0.0,0.0,0.0,1.0,0.0,0.0,1.0
3860229,17764,1,1.0,0.0,1,,963,b,a,b,a,d,a,b,c,d,a,7,1,1,7,b,a,c,b,a,d,c,c,a,TW,f,4,0,4,0.0,0.0,0.0,0.0,1.0,0.0,0.0,1.0,2.0
1387785,15789,1,1.0,1.0,0,299.94,877,a,c,b,d,b,a,b,a,d,b,4,4,2,6,a,b,c,b,a,e,f,e,k,US,b,10,2,8,0.0,0.0,0.0,0.0,0.0,1.0,0.0,0.0,1.0
2944205,15789,1,1.0,1.0,0,313.666,766,a,a,b,d,b,b,b,b,d,b,6,4,3,5,a,a,c,b,a,d,a,e,l,US,b,7,1,6,0.0,0.0,0.0,0.0,0.0,1.0,0.0,0.0,1.0
9141705,15789,1,1.0,0.0,1,,1547,a,c,b,b,b,a,d,a,d,b,6,3,3,5,b,b,c,b,a,d,f,a,r,TH,f,8,2,6,0.0,0.0,0.0,0.0,0.0,1.0,0.0,0.0,1.0
100905,15789,1,1.0,1.0,0,299.312,602,a,c,b,d,b,a,d,a,b,c,4,6,2,5,a,a,c,b,a,d,h,e,l,US,e,7,2,5,0.0,0.0,0.0,0.0,0.0,1.0,0.0,0.0,1.0
8984405,15789,1,0.0,0.0,0,,789,a,c,b,c,b,a,d,a,b,b,4,5,2,4,b,a,c,b,b,e,g,a,y,US,e,7,2,5,0.0,0.0,0.0,0.0,0.0,1.0,0.0,0.0,1.0
3080845,15789,1,1.0,1.0,0,299.209,667,a,a,b,d,b,a,a,a,b,c,5,5,6,1,c,b,a,b,b,d,e,a,k,US,b,6,1,5,0.0,0.0,0.0,0.0,0.0,0.0,0.0,0.0,0.0
700725,15789,1,0.0,0.0,0,,689,a,a,c,b,b,b,b,a,b,c,6,2,2,6,a,b,c,b,a,e,e,a,h,US,b,4,1,3,0.0,0.0,0.0,0.0,0.0,1.0,0.0,0.0,1.0
2652545,15789,1,1.0,1.0,0,299.657,1091,b,b,a,a,a,a,b,c,c,a,3,6,5,4,b,a,c,b,a,e,a,e,l,US,b,2,0,2,0.0,0.0,1.0,0.0,0.0,1.0,0.0,0.0,2.0
3207905,15789,1,1.0,0.0,1,,1029,d,c,b,b,b,d,b,d,d,b,6,2,5,5,b,b,a,b,b,e,e,a,a,US,d,6,1,5,0.0,0.0,0.0,0.0,0.0,1.0,0.0,0.0,1.0
6213625,15789,1,1.0,0.0,0,277.911,1083,c,d,b,c,a,b,a,a,b,a,6,2,4,5,b,a,c,b,b,e,b,g,q,IN,f,2,0,2,0.0,0.0,0.0,0.0,0.0,1.0,0.0,0.0,1.0
9200885,15789,1,0.0,0.0,0,,842,a,c,b,b,b,c,b,c,c,b,5,3,2,5,a,a,c,b,a,d,c,e,h,US,b,6,2,4,0.0,0.0,0.0,0.0,0.0,1.0,0.0,0.0,1.0
2047005,15789,1,1.0,1.0,0,304.984,690,b,c,b,d,b,a,b,b,b,b,6,5,4,6,b,a,c,b,f,e,h,c,l,US,b,7,1,6,0.0,0.0,0.0,0.0,0.0,0.0,1.0,0.0,1.0
838285,15789,1,1.0,1.0,0,299.583,874,a,c,b,b,b,b,b,d,c,b,7,1,5,5,b,a,a,a,a,e,d,g,i,ES,f,6,2,4,0.0,0.0,0.0,0.0,0.0,1.0,0.0,0.0,1.0
9020226,25392,0,0.0,0.0,0,,616,b,a,b,a,c,b,c,a,d,b,3,1,6,1,b,b,f,b,b,e,h,a,h,SA,a,4,0,4,0.0,1.0,0.0,0.0,0.0,0.0,0.0,0.0,1.0
826166,25392,0,0.0,0.0,0,,968,a,c,b,b,b,a,b,a,d,c,5,3,3,4,d,b,c,b,b,d,d,g,E,IN,f,8,2,6,0.0,0.0,0.0,0.0,0.0,1.0,0.0,0.0,1.0
5973146,25392,0,0.0,0.0,0,,537,a,c,b,d,b,a,b,a,d,c,4,4,2,4,b,a,c,b,a,d,g,e,F,US,b,9,2,7,0.0,0.0,0.0,0.0,0.0,1.0,0.0,0.0,1.0
8247746,25392,0,0.0,0.0,0,,3925,a,c,b,b,b,a,b,a,d,b,5,2,3,5,a,a,c,b,a,d,h,e,y,US,b,9,2,7,0.0,0.0,0.0,0.0,0.0,1.0,0.0,0.0,1.0
2985566,25392,0,0.0,0.0,0,,1172,a,c,b,b,b,a,b,a,d,b,4,4,4,5,b,a,c,b,a,e,e,a,r,US,e,9,2,7,0.0,0.0,0.0,0.0,0.0,1.0,0.0,0.0,1.0
7331046,25392,0,0.0,0.0,0,,880,a,c,b,c,c,b,d,a,d,b,5,4,3,6,b,a,c,b,a,e,b,a,z,TH,f,6,2,4,0.0,0.0,0.0,0.0,0.0,1.0,0.0,0.0,1.0
7636606,25392,0,0.0,0.0,0,,2431,c,d,b,a,b,a,b,a,b,a,5,3,4,3,b,a,c,b,a,d,h,a,j,IN,f,5,0,5,0.0,0.0,0.0,0.0,0.0,1.0,0.0,0.0,1.0
892206,25392,0,0.0,0.0,0,,530,a,c,b,b,d,a,b,b,d,c,1,7,4,3,b,a,c,b,a,e,f,e,h,US,b,6,2,4,0.0,0.0,0.0,0.0,0.0,0.0,1.0,0.0,1.0
1870006,25392,0,0.0,0.0,0,,434,b,c,b,d,b,c,d,c,b,d,5,2,6,6,a,d,g,c,a,e,d,c,g,US,b,4,1,3,0.0,1.0,0.0,0.0,0.0,0.0,0.0,1.0,2.0
3849326,25392,0,0.0,0.0,0,,670,c,d,c,b,c,b,c,b,d,c,3,5,1,5,b,d,g,b,a,e,g,e,h,US,b,1,0,1,0.0,1.0,0.0,0.0,0.0,0.0,0.0,0.0,1.0
7913406,25392,0,0.0,0.0,0,,706,a,a,b,b,a,b,b,c,c,d,4,4,6,3,b,a,c,b,a,e,d,a,l,US,e,3,1,2,0.0,0.0,0.0,0.0,0.0,1.0,0.0,0.0,1.0
1561906,25392,0,0.0,0.0,0,,834,a,a,b,b,b,a,b,a,d,a,7,2,2,7,b,a,c,b,a,e,g,e,l,IN,a,7,1,6,0.0,0.0,0.0,0.0,0.0,1.0,0.0,0.0,1.0
5278566,25392,0,0.0,0.0,0,,543,a,c,b,c,b,a,b,a,d,b,6,4,2,6,a,b,c,b,a,d,e,a,h,US,e,9,2,7,0.0,0.0,0.0,0.0,0.0,1.0,0.0,0.0,1.0
1094366,25392,0,0.0,0.0,0,,649,a,a,b,b,b,a,b,d,b,b,6,4,3,6,b,a,c,b,a,d,a,b,k,US,a,6,1,5,0.0,0.0,0.0,0.0,0.0,1.0,0.0,0.0,1.0
3672386,25392,0,0.0,0.0,0,,516,c,c,c,b,d,a,c,d,b,a,3,5,4,3,b,b,g,c,a,e,h,b,t,00,f,2,1,1,0.0,0.0,0.0,0.0,0.0,1.0,0.0,0.0,1.0
8511072,26005,0,0.0,0.0,0,,495,b,b,d,b,d,b,b,c,c,c,6,3,3,6,b,b,c,b,a,e,b,a,q,US,b,1,0,1,0.0,0.0,0.0,0.0,1.0,0.0,0.0,0.0,1.0
4877212,26005,0,0.0,0.0,0,,1162,a,a,b,b,b,d,d,d,d,a,3,7,6,3,b,b,c,b,a,e,a,a,h,TW,f,4,1,3,0.0,0.0,0.0,0.0,0.0,1.0,0.0,0.0,1.0
1331712,26005,0,0.0,0.0,0,,521,a,c,b,d,b,a,d,a,d,b,6,4,2,6,a,b,c,b,a,e,a,e,l,US,b,9,2,7,0.0,0.0,0.0,0.0,0.0,1.0,0.0,0.0,1.0
9191052,26005,0,0.0,0.0,0,,737,a,c,b,b,b,a,b,a,a,a,4,5,2,6,b,b,c,b,a,e,c,a,n,JP,f,7,2,5,0.0,0.0,0.0,0.0,0.0,1.0,0.0,0.0,1.0
9131312,26005,0,0.0,0.0,0,,1419,a,c,b,b,b,a,d,a,d,b,5,3,4,3,d,b,a,b,b,e,f,b,F,00,b,8,2,6,0.0,0.0,0.0,0.0,0.0,1.0,0.0,0.0,1.0
5830112,26005,0,0.0,0.0,0,,576,b,c,b,a,b,a,b,a,b,b,5,2,3,5,b,a,c,b,b,d,b,b,f,US,b,7,1,6,0.0,0.0,0.0,0.0,0.0,1.0,0.0,0.0,1.0
8125572,26005,0,0.0,0.0,0,,946,c,a,c,d,b,a,d,b,d,b,4,4,4,4,b,b,g,c,a,e,c,e,g,US,c,5,0,5,0.0,0.0,0.0,0.0,1.0,0.0,0.0,0.0,1.0
4277032,26005,0,0.0,0.0,0,,636,a,c,b,b,b,a,d,a,d,b,6,2,2,6,b,a,c,b,a,d,a,e,n,US,b,8,2,6,0.0,0.0,0.0,0.0,0.0,1.0,0.0,0.0,1.0
1147152,26005,0,0.0,0.0,0,,715,a,c,b,b,b,a,d,a,d,b,6,2,2,6,b,a,c,b,a,d,h,a,n,IN,f,8,2,6,0.0,0.0,0.0,0.0,0.0,0.0,0.0,1.0,1.0
9143872,26005,0,0.0,0.0,0,,754,a,b,c,b,b,a,b,a,b,d,6,3,2,6,a,b,c,b,a,e,a,e,F,US,b,5,1,4,0.0,0.0,0.0,0.0,0.0,1.0,0.0,0.0,1.0
4545932,26005,0,0.0,0.0,0,,348,a,c,b,b,c,b,b,c,c,c,5,6,4,5,e,c,g,c,d,a,f,h,a,US,b,4,2,2,0.0,0.0,1.0,0.0,0.0,0.0,0.0,0.0,1.0
4380752,26005,0,0.0,0.0,0,,955,b,c,b,b,b,a,b,a,d,b,6,2,5,3,b,a,a,a,b,d,c,a,F,GT,f,8,1,7,0.0,0.0,0.0,0.0,0.0,1.0,0.0,0.0,1.0
6625332,26005,0,0.0,0.0,0,,1307,a,c,b,b,b,a,a,a,c,b,5,6,3,3,a,b,c,b,a,d,h,b,F,US,b,7,2,5,0.0,0.0,1.0,0.0,0.0,1.0,0.0,0.0,2.0
7504977,14563,1,1.0,1.0,0,277.358,667,a,b,b,b,b,a,a,a,a,c,6,3,4,2,b,a,c,b,a,d,h,e,F,US,b,5,1,4,0.0,0.0,0.0,0.0,0.0,1.0,0.0,1.0,2.0
9133677,14563,1,1.0,1.0,0,277.393,594,a,c,b,b,b,c,d,a,d,b,1,7,1,1,a,a,c,b,a,d,c,e,G,US,c,7,2,5,0.0,0.0,0.0,0.0,0.0,1.0,0.0,0.0,1.0
3498817,14563,1,1.0,1.0,0,279.988,530,a,c,b,b,b,c,c,c,c,c,4,4,4,4,a,a,c,c,a,d,d,e,a,US,b,4,2,2,0.0,0.0,0.0,0.0,0.0,1.0,0.0,0.0,1.0
693517,14563,1,1.0,0.0,1,,35090,a,c,b,d,b,a,b,a,a,d,5,4,4,4,b,b,c,c,a,e,g,e,j,JO,b,8,2,6,0.0,0.0,0.0,0.0,1.0,0.0,0.0,0.0,1.0
9879543,24166,1,1.0,1.0,0,279.245,696,a,c,b,d,b,b,d,a,d,b,5,3,5,6,b,a,c,b,a,d,h,e,G,US,b,8,2,6,0.0,0.0,0.0,0.0,0.0,1.0,0.0,0.0,1.0
6978923,24166,1,1.0,0.0,1,,631,a,c,b,b,b,a,d,c,b,d,1,7,7,1,e,b,b,c,e,a,a,h,x,00,c,5,2,3,1.0,0.0,1.0,0.0,0.0,0.0,0.0,0.0,2.0
2309003,24166,1,1.0,0.0,1,,758,b,c,b,d,b,a,b,a,d,c,7,1,3,4,a,a,c,b,a,d,h,e,h,US,b,8,1,7,0.0,0.0,1.0,0.0,1.0,1.0,1.0,0.0,4.0
2133863,24166,1,1.0,1.0,0,285.242,2010,d,c,b,b,b,b,b,b,b,b,4,2,3,5,b,b,c,b,a,d,a,e,l,US,b,5,1,4,0.0,0.0,0.0,0.0,1.0,0.0,0.0,0.0,1.0
6721123,24166,1,1.0,0.0,1,,1077,a,c,c,d,b,a,b,a,c,d,6,2,5,2,b,a,c,b,a,e,c,e,G,US,d,7,2,5,0.0,1.0,0.0,0.0,0.0,1.0,0.0,1.0,3.0
1391683,24166,1,1.0,1.0,0,279.28,762,a,d,b,b,b,a,b,a,d,b,5,4,3,5,a,a,c,b,a,e,g,e,G,US,b,8,1,7,0.0,0.0,0.0,0.0,1.0,0.0,0.0,1.0,2.0
9448763,24166,1,1.0,0.0,1,,676,a,a,b,a,b,b,b,a,d,b,6,2,3,6,a,b,c,c,a,d,h,a,a,IN,f,7,1,6,0.0,0.0,0.0,0.0,0.0,1.0,0.0,0.0,1.0
7560263,24166,1,1.0,1.0,0,278.758,732,a,c,b,b,b,a,c,a,d,b,6,2,2,6,b,a,c,b,a,d,a,e,q,US,b,8,2,6,0.0,0.0,0.0,0.0,0.0,1.0,0.0,0.0,1.0
7970503,24166,1,1.0,1.0,0,279.352,936,a,a,b,c,b,b,d,a,a,a,5,4,5,3,e,b,a,b,b,d,d,f,G,US,d,4,1,3,0.0,0.0,0.0,0.0,0.0,1.0,0.0,0.0,1.0
3275123,24166,1,1.0,0.0,1,,927,d,c,a,d,b,a,a,a,d,b,3,5,5,3,a,a,a,b,a,b,g,a,F,US,c,7,1,6,0.0,0.0,0.0,0.0,0.0,1.0,0.0,0.0,1.0
